<?xml version="1.0" encoding="UTF-8" ?>
<XMLDB PATH="local/microcapsulas/db" VERSION="20200213" COMMENT="XMLDB file for local microcapsulas plugin"
    xmlns:xsi="http://www.w3.org/2001/XMLSchema-instance"
    xsi:noNamespaceSchemaLocation="../../../lib/xmldb/xmldb.xsd"
>
  <TABLES>
    <TABLE NAME="local_microcapsulas_logs" COMMENT="each record is a log">
      <FIELDS>
        <FIELD NAME="id" TYPE="int" LENGTH="10" NOTNULL="true" SEQUENCE="true"/>
        <FIELD NAME="code" TYPE="text" LENGTH="100" NOTNULL="true" SEQUENCE="false"/>
        <FIELD NAME="message" TYPE="text" LENGTH="100" NOTNULL="true" SEQUENCE="false"/>
        <FIELD NAME="date" TYPE="text" LENGTH="100" NOTNULL="true" SEQUENCE="false"/>
        <FIELD NAME="userid" TYPE="int" LENGTH="10" NOTNULL="true" SEQUENCE="false"/>
        </FIELDS>
      <KEYS>
        <KEY NAME="primary" TYPE="primary" FIELDS="id"/>
      </KEYS>
    </TABLE>
     </TABLES>
</XMLDB>
